var1,var2,pearson_r
x_24,x_27,0.83460204
x_10,x_11,0.83196493
x_24,x_30,0.82081969
x_39,y,0.81835211
x_21,x_22,0.81552895
x_20,x_21,0.76335198
x_11,x_12,0.76169519
x_38,x_39,0.74554302
x_3,x_9,0.71020456
x_11,y,0.70621364
x_21,y,0.68321275
x_17,x_18,0.68104955
x_37,x_39,0.67878528
x_32,x_33,0.66407842
x_15,x_18,0.65534252
x_36,x_39,0.64492629
x_7,x_9,0.63447091
x_35,x_39,0.63393120
x_24,x_39,0.62284010
