var1,var2,pearson_r
x_24,x_27,0.83141442
x_10,x_11,0.82311671
x_24,x_30,0.80995582
x_21,x_22,0.79312813
x_39,y,0.76505202
x_11,x_12,0.73808167
x_20,x_21,0.72714876
x_38,x_39,0.71780466
x_3,x_9,0.67674413
x_17,x_18,0.66531067
x_37,x_39,0.65347255
x_21,y,0.64142606
x_32,x_33,0.63343701
x_36,x_39,0.63147259
x_15,x_18,0.62196142
x_11,y,0.62055245
x_7,x_9,0.60882710
