threshold,0.6
Partición,Filas,Aristas,r_Max,r_Min,r_Promedio
df_original,10000,334,0.94477297,0.60907239,0.68381832
B2C,5000,38,0.86904543,0.60481563,0.69990506
W2C,5000,39,0.86507209,0.60520652,0.69747772
B4C,2500,19,0.83460204,0.62284010,0.72141648
W4C,2500,18,0.83912129,0.61251643,0.72681328
B8C,1250,17,0.83141442,0.60882710,0.70346507
W8C,1250,16,0.82144304,0.61872547,0.71061205
B16C,625,13,0.83095325,0.60671158,0.70753162
W16C,625,14,0.81941338,0.61496805,0.70068295
